Astle, Zach               zachastle@gmail.com
Cai, Jing                 jingcai0923@hotmail.com
Collerman, Joel           jac616@gmail.com
De Wit, Kim               k.dewit@students.uu.nl
Gibb, Pandora             pandoragibb@live.com
Grundy, Ryan              ryan.grundy@hotmail.com
Jackson-Drouin, Natasha   n.jdrouin16@gmail.com
Lexmond, Bente            b.r.lexmond@students.uu.nl
McNabb, Brandon           bca.mcnabb@gmail.com
Nygren, Kirstyn           kirstyn17@gmail.com
Poitras, Sylvain          spoitras@uvic.ca
Sandre, Victoria          sandrevictoria@gmail.com
Sullivan, Zack            zack.sullivan22@hotmail.com
Thraves, Koral            koral.ox@gmail.com
Turner-Collinge, Anna     annatc@uvic.ca
van Klaveren, Silke       s.d.vanklaveren@students.uu.nl
Vermeulen, Bram           bram.marcus@hotmail.com
Wonders, Kirsten          kirstenwonders@hotmail.com
Yakimoski, Michaella      michaellayakimoski@gmail.com
Yang, Sining              yangsn0426@gmail.com
